Country Name,Total Recovery/Total Covid Cases
S-Korea,0.0
Ukraine,0.0
Portugal,0.0
Vietnam,0.873
Mexico,0.878
Poland,0.889
Italy,0.9246
Germany,0.9272
Africa,0.9319
Oceania,0.9336
Australia,0.9378
Belgium,0.9534
Spain,0.9549
France,0.9553
Japan,0.9571
Russia,0.9658
USA,0.9681
Brazil,0.9698
Iran,0.9702
Colombia,0.9727
Indonesia,0.9732
UK,0.9737
Thailand,0.9748
Argentina,0.9774
Austria,0.9802
Malaysia,0.987
India,0.9874
Netherlands,0.988
Israel,0.9895
Turkey,0.9932
