Country Name,Total Recovery/Total Covid Cases
Turkey,0.9932
Israel,0.9895
Netherlands,0.988
India,0.9874
Malaysia,0.987
Austria,0.9802
Argentina,0.9774
Thailand,0.9748
UK,0.9737
Indonesia,0.9732
Colombia,0.9727
Iran,0.9702
Brazil,0.9698
USA,0.9681
Russia,0.9658
Japan,0.9571
France,0.9553
Spain,0.9549
Belgium,0.9534
Australia,0.9378
Oceania,0.9336
Africa,0.9319
Germany,0.9272
Italy,0.9246
Poland,0.889
Mexico,0.878
Vietnam,0.873
S-Korea,0.0
Ukraine,0.0
Portugal,0.0
